11201,Kings,Brooklyn,Zillow,https://www.zillow.com/browse/homes/ny/kings-county/
11202,Kings,Brooklyn,Zillow,https://www.zillow.com/browse/homes/ny/kings-county/
11203,Kings,Brooklyn,Zillow,https://www.zillow.com/browse/homes/ny/kings-county/
11204,Kings,Brooklyn,Zillow,https://www.zillow.com/browse/homes/ny/kings-county/
11205,Kings,Brooklyn,Zillow,https://www.zillow.com/browse/homes/ny/kings-county/
11206,Kings,Brooklyn,Zillow,https://www.zillow.com/browse/homes/ny/kings-county/
11207,Kings,Brooklyn,Zillow,https://www.zillow.com/browse/homes/ny/kings-county/
11208,Kings,Brooklyn,Zillow,https://www.zillow.com/browse/homes/ny/kings-county/
11209,Kings,Brooklyn,Zillow,https://www.zillow.com/browse/homes/ny/kings-county/
11210,Kings,Brooklyn,Zillow,https://www.zillow.com/browse/homes/ny/kings-county/
11211,Kings,Brooklyn,Zillow,https://www.zillow.com/browse/homes/ny/kings-county/
11212,Kings,Brooklyn,Zillow,https://www.zillow.com/browse/homes/ny/kings-county/
11213,Kings,Brooklyn,Zillow,https://www.zillow.com/browse/homes/ny/kings-county/
11214,Kings,Brooklyn,Zillow,https://www.zillow.com/browse/homes/ny/kings-county/
11215,Kings,Brooklyn,Zillow,https://www.zillow.com/browse/homes/ny/kings-county/
11216,Kings,Brooklyn,Zillow,https://www.zillow.com/browse/homes/ny/kings-county/
11217,Kings,Brooklyn,Zillow,https://www.zillow.com/browse/homes/ny/kings-county/
11218,Kings,Brooklyn,Zillow,https://www.zillow.com/browse/homes/ny/kings-county/
11219,Kings,Brooklyn,Zillow,https://www.zillow.com/browse/homes/ny/kings-county/
11220,Kings,Brooklyn,Zillow,https://www.zillow.com/browse/homes/ny/kings-county/
11221,Kings,Brooklyn,Zillow,https://www.zillow.com/browse/homes/ny/kings-county/
11222,Kings,Brooklyn,Zillow,https://www.zillow.com/browse/homes/ny/kings-county/
11223,Kings,Brooklyn,Zillow,https://www.zillow.com/browse/homes/ny/kings-county/
11224,Kings,Brooklyn,Zillow,https://www.zillow.com/browse/homes/ny/kings-county/
11225,Kings,Brooklyn,Zillow,https://www.zillow.com/browse/homes/ny/kings-county/
11226,Kings,Brooklyn,Zillow,https://www.zillow.com/browse/homes/ny/kings-county/
11228,Kings,Brooklyn,Zillow,https://www.zillow.com/browse/homes/ny/kings-county/
11229,Kings,Brooklyn,Zillow,https://www.zillow.com/browse/homes/ny/kings-county/
11230,Kings,Brooklyn,Zillow,https://www.zillow.com/browse/homes/ny/kings-county/
11231,Kings,Brooklyn,Zillow,https://www.zillow.com/browse/homes/ny/kings-county/
11232,Kings,Brooklyn,Zillow,https://www.zillow.com/browse/homes/ny/kings-county/
11233,Kings,Brooklyn,Zillow,https://www.zillow.com/browse/homes/ny/kings-county/
11234,Kings,Brooklyn,Zillow,https://www.zillow.com/browse/homes/ny/kings-county/
11235,Kings,Brooklyn,Zillow,https://www.zillow.com/browse/homes/ny/kings-county/
11236,Kings,Brooklyn,Zillow,https://www.zillow.com/browse/homes/ny/kings-county/
11237,Kings,Brooklyn,Zillow,https://www.zillow.com/browse/homes/ny/kings-county/
11238,Kings,Brooklyn,Zillow,https://www.zillow.com/browse/homes/ny/kings-county/
11239,Kings,Brooklyn,Zillow,https://www.zillow.com/browse/homes/ny/kings-county/
11242,Kings,Brooklyn,Zillow,https://www.zillow.com/browse/homes/ny/kings-county/
11243,Kings,Brooklyn,Zillow,https://www.zillow.com/browse/homes/ny/kings-county/
11245,Kings,Brooklyn,Zillow,https://www.zillow.com/browse/homes/ny/kings-county/
11249,Kings,Brooklyn,Zillow,https://www.zillow.com/browse/homes/ny/kings-county/
11251,Kings,Brooklyn,Zillow,https://www.zillow.com/browse/homes/ny/kings-county/
11252,Kings,Brooklyn,Zillow,https://www.zillow.com/browse/homes/ny/kings-county/
10124,New York,Manhattan,Zillow,https://www.zillow.com/browse/homes/ny/new-york-county/
10125,New York,Manhattan,Zillow,https://www.zillow.com/browse/homes/ny/new-york-county/
10126,New York,Manhattan,Zillow,https://www.zillow.com/browse/homes/ny/new-york-county/
10128,New York,Manhattan,Zillow,https://www.zillow.com/browse/homes/ny/new-york-county/
10130,New York,Manhattan,Zillow,https://www.zillow.com/browse/homes/ny/new-york-county/
10131,New York,Manhattan,Zillow,https://www.zillow.com/browse/homes/ny/new-york-county/
10138,New York,Manhattan,Zillow,https://www.zillow.com/browse/homes/ny/new-york-county/
10154,New York,Manhattan,Zillow,https://www.zillow.com/browse/homes/ny/new-york-county/
10155,New York,Manhattan,Zillow,https://www.zillow.com/browse/homes/ny/new-york-county/
10157,New York,Manhattan,Zillow,https://www.zillow.com/browse/homes/ny/new-york-county/
10162,New York,Manhattan,Zillow,https://www.zillow.com/browse/homes/ny/new-york-county/
10163,New York,Manhattan,Zillow,https://www.zillow.com/browse/homes/ny/new-york-county/
10166,New York,Manhattan,Zillow,https://www.zillow.com/browse/homes/ny/new-york-county/
10168,New York,Manhattan,Zillow,https://www.zillow.com/browse/homes/ny/new-york-county/
10170,New York,Manhattan,Zillow,https://www.zillow.com/browse/homes/ny/new-york-county/
10171,New York,Manhattan,Zillow,https://www.zillow.com/browse/homes/ny/new-york-county/
10172,New York,Manhattan,Zillow,https://www.zillow.com/browse/homes/ny/new-york-county/
10175,New York,Manhattan,Zillow,https://www.zillow.com/browse/homes/ny/new-york-county/
10177,New York,Manhattan,Zillow,https://www.zillow.com/browse/homes/ny/new-york-county/
10185,New York,Manhattan,Zillow,https://www.zillow.com/browse/homes/ny/new-york-county/
10211,New York,Manhattan,Zillow,https://www.zillow.com/browse/homes/ny/new-york-county/
10256,New York,Manhattan,Zillow,https://www.zillow.com/browse/homes/ny/new-york-county/
10259,New York,Manhattan,Zillow,https://www.zillow.com/browse/homes/ny/new-york-county/
10260,New York,Manhattan,Zillow,https://www.zillow.com/browse/homes/ny/new-york-county/
10265,New York,Manhattan,Zillow,https://www.zillow.com/browse/homes/ny/new-york-county/
10270,New York,Manhattan,Zillow,https://www.zillow.com/browse/homes/ny/new-york-county/
10279,New York,Manhattan,Zillow,https://www.zillow.com/browse/homes/ny/new-york-county/
10280,New York,Manhattan,Zillow,https://www.zillow.com/browse/homes/ny/new-york-county/
10282,New York,Manhattan,Zillow,https://www.zillow.com/browse/homes/ny/new-york-county/
10285,New York,Manhattan,Zillow,https://www.zillow.com/browse/homes/ny/new-york-county/
10286,New York,Manhattan,Zillow,https://www.zillow.com/browse/homes/ny/new-york-county/
10292,New York,Manhattan,Zillow,https://www.zillow.com/browse/homes/ny/new-york-county/
10451,New York,Manhattan,Zillow,https://www.zillow.com/browse/homes/ny/new-york-county/
10001,New York,Manhattan,Zillow,https://www.zillow.com/browse/homes/ny/new-york-county/
10002,New York,Manhattan,Zillow,https://www.zillow.com/browse/homes/ny/new-york-county/
10003,New York,Manhattan,Zillow,https://www.zillow.com/browse/homes/ny/new-york-county/
10004,New York,Manhattan,Zillow,https://www.zillow.com/browse/homes/ny/new-york-county/
10005,New York,Manhattan,Zillow,https://www.zillow.com/browse/homes/ny/new-york-county/
10006,New York,Manhattan,Zillow,https://www.zillow.com/browse/homes/ny/new-york-county/
10007,New York,Manhattan,Zillow,https://www.zillow.com/browse/homes/ny/new-york-county/
10009,New York,Manhattan,Zillow,https://www.zillow.com/browse/homes/ny/new-york-county/
10010,New York,Manhattan,Zillow,https://www.zillow.com/browse/homes/ny/new-york-county/
10011,New York,Manhattan,Zillow,https://www.zillow.com/browse/homes/ny/new-york-county/
10012,New York,Manhattan,Zillow,https://www.zillow.com/browse/homes/ny/new-york-county/
10013,New York,Manhattan,Zillow,https://www.zillow.com/browse/homes/ny/new-york-county/
10014,New York,Manhattan,Zillow,https://www.zillow.com/browse/homes/ny/new-york-county/
10075,New York,Manhattan,Zillow,https://www.zillow.com/browse/homes/ny/new-york-county/
10016,New York,Manhattan,Zillow,https://www.zillow.com/browse/homes/ny/new-york-county/
10017,New York,Manhattan,Zillow,https://www.zillow.com/browse/homes/ny/new-york-county/
10065,New York,Manhattan,Zillow,https://www.zillow.com/browse/homes/ny/new-york-county/
10018,New York,Manhattan,Zillow,https://www.zillow.com/browse/homes/ny/new-york-county/
10019,New York,Manhattan,Zillow,https://www.zillow.com/browse/homes/ny/new-york-county/
10020,New York,Manhattan,Zillow,https://www.zillow.com/browse/homes/ny/new-york-county/
10021,New York,Manhattan,Zillow,https://www.zillow.com/browse/homes/ny/new-york-county/
10022,New York,Manhattan,Zillow,https://www.zillow.com/browse/homes/ny/new-york-county/
10023,New York,Manhattan,Zillow,https://www.zillow.com/browse/homes/ny/new-york-county/
10024,New York,Manhattan,Zillow,https://www.zillow.com/browse/homes/ny/new-york-county/
10025,New York,Manhattan,Zillow,https://www.zillow.com/browse/homes/ny/new-york-county/
10026,New York,Manhattan,Zillow,https://www.zillow.com/browse/homes/ny/new-york-county/
10027,New York,Manhattan,Zillow,https://www.zillow.com/browse/homes/ny/new-york-county/
10028,New York,Manhattan,Zillow,https://www.zillow.com/browse/homes/ny/new-york-county/
10029,New York,Manhattan,Zillow,https://www.zillow.com/browse/homes/ny/new-york-county/
10030,New York,Manhattan,Zillow,https://www.zillow.com/browse/homes/ny/new-york-county/
10031,New York,Manhattan,Zillow,https://www.zillow.com/browse/homes/ny/new-york-county/
10032,New York,Manhattan,Zillow,https://www.zillow.com/browse/homes/ny/new-york-county/
10033,New York,Manhattan,Zillow,https://www.zillow.com/browse/homes/ny/new-york-county/
10034,New York,Manhattan,Zillow,https://www.zillow.com/browse/homes/ny/new-york-county/
10035,New York,Manhattan,Zillow,https://www.zillow.com/browse/homes/ny/new-york-county/
10036,New York,Manhattan,Zillow,https://www.zillow.com/browse/homes/ny/new-york-county/
10037,New York,Manhattan,Zillow,https://www.zillow.com/browse/homes/ny/new-york-county/
10038,New York,Manhattan,Zillow,https://www.zillow.com/browse/homes/ny/new-york-county/
10039,New York,Manhattan,Zillow,https://www.zillow.com/browse/homes/ny/new-york-county/
10040,New York,Manhattan,Zillow,https://www.zillow.com/browse/homes/ny/new-york-county/
10043,New York,Manhattan,Zillow,https://www.zillow.com/browse/homes/ny/new-york-county/
10044,New York,Manhattan,Zillow,https://www.zillow.com/browse/homes/ny/new-york-county/
10069,New York,Manhattan,Zillow,https://www.zillow.com/browse/homes/ny/new-york-county/
10080,New York,Manhattan,Zillow,https://www.zillow.com/browse/homes/ny/new-york-county/
10087,New York,Manhattan,Zillow,https://www.zillow.com/browse/homes/ny/new-york-county/
10102,New York,Manhattan,Zillow,https://www.zillow.com/browse/homes/ny/new-york-county/
10103,New York,Manhattan,Zillow,https://www.zillow.com/browse/homes/ny/new-york-county/
10111,New York,Manhattan,Zillow,https://www.zillow.com/browse/homes/ny/new-york-county/
10112,New York,Manhattan,Zillow,https://www.zillow.com/browse/homes/ny/new-york-county/
10114,New York,Manhattan,Zillow,https://www.zillow.com/browse/homes/ny/new-york-county/
10116,New York,Manhattan,Zillow,https://www.zillow.com/browse/homes/ny/new-york-county/
10117,New York,Manhattan,Zillow,https://www.zillow.com/browse/homes/ny/new-york-county/
10118,New York,Manhattan,Zillow,https://www.zillow.com/browse/homes/ny/new-york-county/
11001,Queens,Queens,Zillow,https://www.zillow.com/browse/homes/ny/queens-county/
11004,Queens,Queens,Zillow,https://www.zillow.com/browse/homes/ny/queens-county/
11005,Queens,Queens,Zillow,https://www.zillow.com/browse/homes/ny/queens-county/
11096,Queens,Queens,Zillow,https://www.zillow.com/browse/homes/ny/queens-county/
11101,Queens,Queens,Zillow,https://www.zillow.com/browse/homes/ny/queens-county/
11102,Queens,Queens,Zillow,https://www.zillow.com/browse/homes/ny/queens-county/
11103,Queens,Queens,Zillow,https://www.zillow.com/browse/homes/ny/queens-county/
11104,Queens,Queens,Zillow,https://www.zillow.com/browse/homes/ny/queens-county/
11105,Queens,Queens,Zillow,https://www.zillow.com/browse/homes/ny/queens-county/
11106,Queens,Queens,Zillow,https://www.zillow.com/browse/homes/ny/queens-county/
11109,Queens,Queens,Zillow,https://www.zillow.com/browse/homes/ny/queens-county/
11120,Queens,Queens,Zillow,https://www.zillow.com/browse/homes/ny/queens-county/
11351,Queens,Queens,Zillow,https://www.zillow.com/browse/homes/ny/queens-county/
11352,Queens,Queens,Zillow,https://www.zillow.com/browse/homes/ny/queens-county/
11354,Queens,Queens,Zillow,https://www.zillow.com/browse/homes/ny/queens-county/
11355,Queens,Queens,Zillow,https://www.zillow.com/browse/homes/ny/queens-county/
11356,Queens,Queens,Zillow,https://www.zillow.com/browse/homes/ny/queens-county/
11357,Queens,Queens,Zillow,https://www.zillow.com/browse/homes/ny/queens-county/
11358,Queens,Queens,Zillow,https://www.zillow.com/browse/homes/ny/queens-county/
11359,Queens,Queens,Zillow,https://www.zillow.com/browse/homes/ny/queens-county/
11360,Queens,Queens,Zillow,https://www.zillow.com/browse/homes/ny/queens-county/
11361,Queens,Queens,Zillow,https://www.zillow.com/browse/homes/ny/queens-county/
11362,Queens,Queens,Zillow,https://www.zillow.com/browse/homes/ny/queens-county/
11363,Queens,Queens,Zillow,https://www.zillow.com/browse/homes/ny/queens-county/
11364,Queens,Queens,Zillow,https://www.zillow.com/browse/homes/ny/queens-county/
11365,Queens,Queens,Zillow,https://www.zillow.com/browse/homes/ny/queens-county/
11366,Queens,Queens,Zillow,https://www.zillow.com/browse/homes/ny/queens-county/
11367,Queens,Queens,Zillow,https://www.zillow.com/browse/homes/ny/queens-county/
11368,Queens,Queens,Zillow,https://www.zillow.com/browse/homes/ny/queens-county/
11369,Queens,Queens,Zillow,https://www.zillow.com/browse/homes/ny/queens-county/
11370,Queens,Queens,Zillow,https://www.zillow.com/browse/homes/ny/queens-county/
11371,Queens,Queens,Zillow,https://www.zillow.com/browse/homes/ny/queens-county/
11372,Queens,Queens,Zillow,https://www.zillow.com/browse/homes/ny/queens-county/
11373,Queens,Queens,Zillow,https://www.zillow.com/browse/homes/ny/queens-county/
11374,Queens,Queens,Zillow,https://www.zillow.com/browse/homes/ny/queens-county/
11375,Queens,Queens,Zillow,https://www.zillow.com/browse/homes/ny/queens-county/
11377,Queens,Queens,Zillow,https://www.zillow.com/browse/homes/ny/queens-county/
11378,Queens,Queens,Zillow,https://www.zillow.com/browse/homes/ny/queens-county/
11379,Queens,Queens,Zillow,https://www.zillow.com/browse/homes/ny/queens-county/
11380,Queens,Queens,Zillow,https://www.zillow.com/browse/homes/ny/queens-county/
11385,Queens,Queens,Zillow,https://www.zillow.com/browse/homes/ny/queens-county/
11405,Queens,Queens,Zillow,https://www.zillow.com/browse/homes/ny/queens-county/
11411,Queens,Queens,Zillow,https://www.zillow.com/browse/homes/ny/queens-county/
11412,Queens,Queens,Zillow,https://www.zillow.com/browse/homes/ny/queens-county/
11413,Queens,Queens,Zillow,https://www.zillow.com/browse/homes/ny/queens-county/
11414,Queens,Queens,Zillow,https://www.zillow.com/browse/homes/ny/queens-county/
11415,Queens,Queens,Zillow,https://www.zillow.com/browse/homes/ny/queens-county/
11416,Queens,Queens,Zillow,https://www.zillow.com/browse/homes/ny/queens-county/
11417,Queens,Queens,Zillow,https://www.zillow.com/browse/homes/ny/queens-county/
11418,Queens,Queens,Zillow,https://www.zillow.com/browse/homes/ny/queens-county/
11419,Queens,Queens,Zillow,https://www.zillow.com/browse/homes/ny/queens-county/
11420,Queens,Queens,Zillow,https://www.zillow.com/browse/homes/ny/queens-county/
11421,Queens,Queens,Zillow,https://www.zillow.com/browse/homes/ny/queens-county/
11422,Queens,Queens,Zillow,https://www.zillow.com/browse/homes/ny/queens-county/
11423,Queens,Queens,Zillow,https://www.zillow.com/browse/homes/ny/queens-county/
11424,Queens,Queens,Zillow,https://www.zillow.com/browse/homes/ny/queens-county/
11425,Queens,Queens,Zillow,https://www.zillow.com/browse/homes/ny/queens-county/
11426,Queens,Queens,Zillow,https://www.zillow.com/browse/homes/ny/queens-county/
11427,Queens,Queens,Zillow,https://www.zillow.com/browse/homes/ny/queens-county/
11428,Queens,Queens,Zillow,https://www.zillow.com/browse/homes/ny/queens-county/
11429,Queens,Queens,Zillow,https://www.zillow.com/browse/homes/ny/queens-county/
11430,Queens,Queens,Zillow,https://www.zillow.com/browse/homes/ny/queens-county/
11431,Queens,Queens,Zillow,https://www.zillow.com/browse/homes/ny/queens-county/
11432,Queens,Queens,Zillow,https://www.zillow.com/browse/homes/ny/queens-county/
11433,Queens,Queens,Zillow,https://www.zillow.com/browse/homes/ny/queens-county/
11434,Queens,Queens,Zillow,https://www.zillow.com/browse/homes/ny/queens-county/
11435,Queens,Queens,Zillow,https://www.zillow.com/browse/homes/ny/queens-county/
11436,Queens,Queens,Zillow,https://www.zillow.com/browse/homes/ny/queens-county/
11439,Queens,Queens,Zillow,https://www.zillow.com/browse/homes/ny/queens-county/
11451,Queens,Queens,Zillow,https://www.zillow.com/browse/homes/ny/queens-county/
11690,Queens,Queens,Zillow,https://www.zillow.com/browse/homes/ny/queens-county/
11691,Queens,Queens,Zillow,https://www.zillow.com/browse/homes/ny/queens-county/
11692,Queens,Queens,Zillow,https://www.zillow.com/browse/homes/ny/queens-county/
11693,Queens,Queens,Zillow,https://www.zillow.com/browse/homes/ny/queens-county/
11694,Queens,Queens,Zillow,https://www.zillow.com/browse/homes/ny/queens-county/
11697,Queens,Queens,Zillow,https://www.zillow.com/browse/homes/ny/queens-county/
10803,Bronx,Bronx,Zillow,https://www.zillow.com/browse/homes/ny/queens-county/
10452,Bronx,Bronx,Zillow,https://www.zillow.com/browse/homes/ny/queens-county/
10453,Bronx,Bronx,Zillow,https://www.zillow.com/browse/homes/ny/queens-county/
10454,Bronx,Bronx,Zillow,https://www.zillow.com/browse/homes/ny/queens-county/
10455,Bronx,Bronx,Zillow,https://www.zillow.com/browse/homes/ny/queens-county/
10456,Bronx,Bronx,Zillow,https://www.zillow.com/browse/homes/ny/queens-county/
10457,Bronx,Bronx,Zillow,https://www.zillow.com/browse/homes/ny/queens-county/
10458,Bronx,Bronx,Zillow,https://www.zillow.com/browse/homes/ny/queens-county/
10459,Bronx,Bronx,Zillow,https://www.zillow.com/browse/homes/ny/queens-county/
10460,Bronx,Bronx,Zillow,https://www.zillow.com/browse/homes/ny/queens-county/
10461,Bronx,Bronx,Zillow,https://www.zillow.com/browse/homes/ny/queens-county/
10462,Bronx,Bronx,Zillow,https://www.zillow.com/browse/homes/ny/queens-county/
10463,Bronx,Bronx,Zillow,https://www.zillow.com/browse/homes/ny/queens-county/
10464,Bronx,Bronx,Zillow,https://www.zillow.com/browse/homes/ny/queens-county/
10465,Bronx,Bronx,Zillow,https://www.zillow.com/browse/homes/ny/queens-county/
10466,Bronx,Bronx,Zillow,https://www.zillow.com/browse/homes/ny/queens-county/
10467,Bronx,Bronx,Zillow,https://www.zillow.com/browse/homes/ny/queens-county/
10468,Bronx,Bronx,Zillow,https://www.zillow.com/browse/homes/ny/queens-county/
10469,Bronx,Bronx,Zillow,https://www.zillow.com/browse/homes/ny/queens-county/
10470,Bronx,Bronx,Zillow,https://www.zillow.com/browse/homes/ny/queens-county/
10471,Bronx,Bronx,Zillow,https://www.zillow.com/browse/homes/ny/queens-county/
10472,Bronx,Bronx,Zillow,https://www.zillow.com/browse/homes/ny/queens-county/
10473,Bronx,Bronx,Zillow,https://www.zillow.com/browse/homes/ny/queens-county/
10474,Bronx,Bronx,Zillow,https://www.zillow.com/browse/homes/ny/queens-county/
10475,Bronx,Bronx,Zillow,https://www.zillow.com/browse/homes/ny/queens-county/
10501,Westchester,Westchester,Zillow,https://www.zillow.com/browse/homes/ny/westchester-county/
10502,Westchester,Westchester,Zillow,https://www.zillow.com/browse/homes/ny/westchester-county/
10503,Westchester,Westchester,Zillow,https://www.zillow.com/browse/homes/ny/westchester-county/
10504,Westchester,Westchester,Zillow,https://www.zillow.com/browse/homes/ny/westchester-county/
10505,Westchester,Westchester,Zillow,https://www.zillow.com/browse/homes/ny/westchester-county/
10506,Westchester,Westchester,Zillow,https://www.zillow.com/browse/homes/ny/westchester-county/
10507,Westchester,Westchester,Zillow,https://www.zillow.com/browse/homes/ny/westchester-county/
10510,Westchester,Westchester,Zillow,https://www.zillow.com/browse/homes/ny/westchester-county/
10511,Westchester,Westchester,Zillow,https://www.zillow.com/browse/homes/ny/westchester-county/
10514,Westchester,Westchester,Zillow,https://www.zillow.com/browse/homes/ny/westchester-county/
10517,Westchester,Westchester,Zillow,https://www.zillow.com/browse/homes/ny/westchester-county/
10518,Westchester,Westchester,Zillow,https://www.zillow.com/browse/homes/ny/westchester-county/
10519,Westchester,Westchester,Zillow,https://www.zillow.com/browse/homes/ny/westchester-county/
10520,Westchester,Westchester,Zillow,https://www.zillow.com/browse/homes/ny/westchester-county/
10521,Westchester,Westchester,Zillow,https://www.zillow.com/browse/homes/ny/westchester-county/
10522,Westchester,Westchester,Zillow,https://www.zillow.com/browse/homes/ny/westchester-county/
10523,Westchester,Westchester,Zillow,https://www.zillow.com/browse/homes/ny/westchester-county/
10526,Westchester,Westchester,Zillow,https://www.zillow.com/browse/homes/ny/westchester-county/
10527,Westchester,Westchester,Zillow,https://www.zillow.com/browse/homes/ny/westchester-county/
10528,Westchester,Westchester,Zillow,https://www.zillow.com/browse/homes/ny/westchester-county/
10530,Westchester,Westchester,Zillow,https://www.zillow.com/browse/homes/ny/westchester-county/
10532,Westchester,Westchester,Zillow,https://www.zillow.com/browse/homes/ny/westchester-county/
10533,Westchester,Westchester,Zillow,https://www.zillow.com/browse/homes/ny/westchester-county/
10535,Westchester,Westchester,Zillow,https://www.zillow.com/browse/homes/ny/westchester-county/
10536,Westchester,Westchester,Zillow,https://www.zillow.com/browse/homes/ny/westchester-county/
10537,Westchester,Westchester,Zillow,https://www.zillow.com/browse/homes/ny/westchester-county/
10538,Westchester,Westchester,Zillow,https://www.zillow.com/browse/homes/ny/westchester-county/
10540,Westchester,Westchester,Zillow,https://www.zillow.com/browse/homes/ny/westchester-county/
10543,Westchester,Westchester,Zillow,https://www.zillow.com/browse/homes/ny/westchester-county/
10546,Westchester,Westchester,Zillow,https://www.zillow.com/browse/homes/ny/westchester-county/
10547,Westchester,Westchester,Zillow,https://www.zillow.com/browse/homes/ny/westchester-county/
10548,Westchester,Westchester,Zillow,https://www.zillow.com/browse/homes/ny/westchester-county/
10549,Westchester,Westchester,Zillow,https://www.zillow.com/browse/homes/ny/westchester-county/
10550,Westchester,Westchester,Zillow,https://www.zillow.com/browse/homes/ny/westchester-county/
10552,Westchester,Westchester,Zillow,https://www.zillow.com/browse/homes/ny/westchester-county/
10553,Westchester,Westchester,Zillow,https://www.zillow.com/browse/homes/ny/westchester-county/
10560,Westchester,Westchester,Zillow,https://www.zillow.com/browse/homes/ny/westchester-county/
10562,Westchester,Westchester,Zillow,https://www.zillow.com/browse/homes/ny/westchester-county/
10566,Westchester,Westchester,Zillow,https://www.zillow.com/browse/homes/ny/westchester-county/
10567,Westchester,Westchester,Zillow,https://www.zillow.com/browse/homes/ny/westchester-county/
10570,Westchester,Westchester,Zillow,https://www.zillow.com/browse/homes/ny/westchester-county/
10573,Westchester,Westchester,Zillow,https://www.zillow.com/browse/homes/ny/westchester-county/
10576,Westchester,Westchester,Zillow,https://www.zillow.com/browse/homes/ny/westchester-county/
10577,Westchester,Westchester,Zillow,https://www.zillow.com/browse/homes/ny/westchester-county/
10578,Westchester,Westchester,Zillow,https://www.zillow.com/browse/homes/ny/westchester-county/
10580,Westchester,Westchester,Zillow,https://www.zillow.com/browse/homes/ny/westchester-county/
10583,Westchester,Westchester,Zillow,https://www.zillow.com/browse/homes/ny/westchester-county/
10587,Westchester,Westchester,Zillow,https://www.zillow.com/browse/homes/ny/westchester-county/
10588,Westchester,Westchester,Zillow,https://www.zillow.com/browse/homes/ny/westchester-county/
10589,Westchester,Westchester,Zillow,https://www.zillow.com/browse/homes/ny/westchester-county/
10590,Westchester,Westchester,Zillow,https://www.zillow.com/browse/homes/ny/westchester-county/
10591,Westchester,Westchester,Zillow,https://www.zillow.com/browse/homes/ny/westchester-county/
10594,Westchester,Westchester,Zillow,https://www.zillow.com/browse/homes/ny/westchester-county/
10595,Westchester,Westchester,Zillow,https://www.zillow.com/browse/homes/ny/westchester-county/
10596,Westchester,Westchester,Zillow,https://www.zillow.com/browse/homes/ny/westchester-county/
10597,Westchester,Westchester,Zillow,https://www.zillow.com/browse/homes/ny/westchester-county/
10598,Westchester,Westchester,Zillow,https://www.zillow.com/browse/homes/ny/westchester-county/
10601,Westchester,Westchester,Zillow,https://www.zillow.com/browse/homes/ny/westchester-county/
10603,Westchester,Westchester,Zillow,https://www.zillow.com/browse/homes/ny/westchester-county/
10604,Westchester,Westchester,Zillow,https://www.zillow.com/browse/homes/ny/westchester-county/
10605,Westchester,Westchester,Zillow,https://www.zillow.com/browse/homes/ny/westchester-county/
10606,Westchester,Westchester,Zillow,https://www.zillow.com/browse/homes/ny/westchester-county/
10607,Westchester,Westchester,Zillow,https://www.zillow.com/browse/homes/ny/westchester-county/
10701,Westchester,Westchester,Zillow,https://www.zillow.com/browse/homes/ny/westchester-county/
10703,Westchester,Westchester,Zillow,https://www.zillow.com/browse/homes/ny/westchester-county/
10704,Westchester,Westchester,Zillow,https://www.zillow.com/browse/homes/ny/westchester-county/
10705,Westchester,Westchester,Zillow,https://www.zillow.com/browse/homes/ny/westchester-county/
10706,Westchester,Westchester,Zillow,https://www.zillow.com/browse/homes/ny/westchester-county/
10707,Westchester,Westchester,Zillow,https://www.zillow.com/browse/homes/ny/westchester-county/
10708,Westchester,Westchester,Zillow,https://www.zillow.com/browse/homes/ny/westchester-county/
10709,Westchester,Westchester,Zillow,https://www.zillow.com/browse/homes/ny/westchester-county/
10710,Westchester,Westchester,Zillow,https://www.zillow.com/browse/homes/ny/westchester-county/
10801,Westchester,Westchester,Zillow,https://www.zillow.com/browse/homes/ny/westchester-county/
10804,Westchester,Westchester,Zillow,https://www.zillow.com/browse/homes/ny/westchester-county/
10805,Westchester,Westchester,Zillow,https://www.zillow.com/browse/homes/ny/westchester-county/
11732,Nassau,Nassau,Zillow,https://www.zillow.com/browse/homes/ny/nassau-county/
11753,Nassau,Nassau,Zillow,https://www.zillow.com/browse/homes/ny/nassau-county/
11756,Nassau,Nassau,Zillow,https://www.zillow.com/browse/homes/ny/nassau-county/
11003,Nassau,Nassau,Zillow,https://www.zillow.com/browse/homes/ny/nassau-county/
11758,Nassau,Nassau,Zillow,https://www.zillow.com/browse/homes/ny/nassau-county/
11762,Nassau,Nassau,Zillow,https://www.zillow.com/browse/homes/ny/nassau-county/
11010,Nassau,Nassau,Zillow,https://www.zillow.com/browse/homes/ny/nassau-county/
11020,Nassau,Nassau,Zillow,https://www.zillow.com/browse/homes/ny/nassau-county/
11021,Nassau,Nassau,Zillow,https://www.zillow.com/browse/homes/ny/nassau-county/
11765,Nassau,Nassau,Zillow,https://www.zillow.com/browse/homes/ny/nassau-county/
11022,Nassau,Nassau,Zillow,https://www.zillow.com/browse/homes/ny/nassau-county/
11023,Nassau,Nassau,Zillow,https://www.zillow.com/browse/homes/ny/nassau-county/
11024,Nassau,Nassau,Zillow,https://www.zillow.com/browse/homes/ny/nassau-county/
11771,Nassau,Nassau,Zillow,https://www.zillow.com/browse/homes/ny/nassau-county/
11030,Nassau,Nassau,Zillow,https://www.zillow.com/browse/homes/ny/nassau-county/
11040,Nassau,Nassau,Zillow,https://www.zillow.com/browse/homes/ny/nassau-county/
11773,Nassau,Nassau,Zillow,https://www.zillow.com/browse/homes/ny/nassau-county/
11042,Nassau,Nassau,Zillow,https://www.zillow.com/browse/homes/ny/nassau-county/
11050,Nassau,Nassau,Zillow,https://www.zillow.com/browse/homes/ny/nassau-county/
11783,Nassau,Nassau,Zillow,https://www.zillow.com/browse/homes/ny/nassau-county/
11791,Nassau,Nassau,Zillow,https://www.zillow.com/browse/homes/ny/nassau-county/
11793,Nassau,Nassau,Zillow,https://www.zillow.com/browse/homes/ny/nassau-county/
11797,Nassau,Nassau,Zillow,https://www.zillow.com/browse/homes/ny/nassau-county/
11801,Nassau,Nassau,Zillow,https://www.zillow.com/browse/homes/ny/nassau-county/
11803,Nassau,Nassau,Zillow,https://www.zillow.com/browse/homes/ny/nassau-county/
11804,Nassau,Nassau,Zillow,https://www.zillow.com/browse/homes/ny/nassau-county/
11501,Nassau,Nassau,Zillow,https://www.zillow.com/browse/homes/ny/nassau-county/
11507,Nassau,Nassau,Zillow,https://www.zillow.com/browse/homes/ny/nassau-county/
11509,Nassau,Nassau,Zillow,https://www.zillow.com/browse/homes/ny/nassau-county/
11510,Nassau,Nassau,Zillow,https://www.zillow.com/browse/homes/ny/nassau-county/
11514,Nassau,Nassau,Zillow,https://www.zillow.com/browse/homes/ny/nassau-county/
11516,Nassau,Nassau,Zillow,https://www.zillow.com/browse/homes/ny/nassau-county/
11518,Nassau,Nassau,Zillow,https://www.zillow.com/browse/homes/ny/nassau-county/
11520,Nassau,Nassau,Zillow,https://www.zillow.com/browse/homes/ny/nassau-county/
11530,Nassau,Nassau,Zillow,https://www.zillow.com/browse/homes/ny/nassau-county/
11531,Nassau,Nassau,Zillow,https://www.zillow.com/browse/homes/ny/nassau-county/
11542,Nassau,Nassau,Zillow,https://www.zillow.com/browse/homes/ny/nassau-county/
11545,Nassau,Nassau,Zillow,https://www.zillow.com/browse/homes/ny/nassau-county/
11547,Nassau,Nassau,Zillow,https://www.zillow.com/browse/homes/ny/nassau-county/
11548,Nassau,Nassau,Zillow,https://www.zillow.com/browse/homes/ny/nassau-county/
11549,Nassau,Nassau,Zillow,https://www.zillow.com/browse/homes/ny/nassau-county/
11550,Nassau,Nassau,Zillow,https://www.zillow.com/browse/homes/ny/nassau-county/
11552,Nassau,Nassau,Zillow,https://www.zillow.com/browse/homes/ny/nassau-county/
11553,Nassau,Nassau,Zillow,https://www.zillow.com/browse/homes/ny/nassau-county/
11554,Nassau,Nassau,Zillow,https://www.zillow.com/browse/homes/ny/nassau-county/
11555,Nassau,Nassau,Zillow,https://www.zillow.com/browse/homes/ny/nassau-county/
11557,Nassau,Nassau,Zillow,https://www.zillow.com/browse/homes/ny/nassau-county/
11558,Nassau,Nassau,Zillow,https://www.zillow.com/browse/homes/ny/nassau-county/
11559,Nassau,Nassau,Zillow,https://www.zillow.com/browse/homes/ny/nassau-county/
11560,Nassau,Nassau,Zillow,https://www.zillow.com/browse/homes/ny/nassau-county/
11561,Nassau,Nassau,Zillow,https://www.zillow.com/browse/homes/ny/nassau-county/
11563,Nassau,Nassau,Zillow,https://www.zillow.com/browse/homes/ny/nassau-county/
11565,Nassau,Nassau,Zillow,https://www.zillow.com/browse/homes/ny/nassau-county/
11566,Nassau,Nassau,Zillow,https://www.zillow.com/browse/homes/ny/nassau-county/
11568,Nassau,Nassau,Zillow,https://www.zillow.com/browse/homes/ny/nassau-county/
11569,Nassau,Nassau,Zillow,https://www.zillow.com/browse/homes/ny/nassau-county/
11570,Nassau,Nassau,Zillow,https://www.zillow.com/browse/homes/ny/nassau-county/
11571,Nassau,Nassau,Zillow,https://www.zillow.com/browse/homes/ny/nassau-county/
11572,Nassau,Nassau,Zillow,https://www.zillow.com/browse/homes/ny/nassau-county/
11575,Nassau,Nassau,Zillow,https://www.zillow.com/browse/homes/ny/nassau-county/
11576,Nassau,Nassau,Zillow,https://www.zillow.com/browse/homes/ny/nassau-county/
11577,Nassau,Nassau,Zillow,https://www.zillow.com/browse/homes/ny/nassau-county/
11579,Nassau,Nassau,Zillow,https://www.zillow.com/browse/homes/ny/nassau-county/
11580,Nassau,Nassau,Zillow,https://www.zillow.com/browse/homes/ny/nassau-county/
11581,Nassau,Nassau,Zillow,https://www.zillow.com/browse/homes/ny/nassau-county/
11582,Nassau,Nassau,Zillow,https://www.zillow.com/browse/homes/ny/nassau-county/
11590,Nassau,Nassau,Zillow,https://www.zillow.com/browse/homes/ny/nassau-county/
11596,Nassau,Nassau,Zillow,https://www.zillow.com/browse/homes/ny/nassau-county/
11598,Nassau,Nassau,Zillow,https://www.zillow.com/browse/homes/ny/nassau-county/
11709,Nassau,Nassau,Zillow,https://www.zillow.com/browse/homes/ny/nassau-county/
11710,Nassau,Nassau,Zillow,https://www.zillow.com/browse/homes/ny/nassau-county/
11714,Nassau,Nassau,Zillow,https://www.zillow.com/browse/homes/ny/nassau-county/
11729,Suffolk,Suffolk,Zillow,https://www.zillow.com/browse/homes/ny/suffolk-county/
11730,Suffolk,Suffolk,Zillow,https://www.zillow.com/browse/homes/ny/suffolk-county/
11731,Suffolk,Suffolk,Zillow,https://www.zillow.com/browse/homes/ny/suffolk-county/
11733,Suffolk,Suffolk,Zillow,https://www.zillow.com/browse/homes/ny/suffolk-county/
11735,Suffolk,Suffolk,Zillow,https://www.zillow.com/browse/homes/ny/suffolk-county/
11739,Suffolk,Suffolk,Zillow,https://www.zillow.com/browse/homes/ny/suffolk-county/
11743,Suffolk,Suffolk,Zillow,https://www.zillow.com/browse/homes/ny/suffolk-county/
11746,Suffolk,Suffolk,Zillow,https://www.zillow.com/browse/homes/ny/suffolk-county/
11747,Suffolk,Suffolk,Zillow,https://www.zillow.com/browse/homes/ny/suffolk-county/
11749,Suffolk,Suffolk,Zillow,https://www.zillow.com/browse/homes/ny/suffolk-county/
11751,Suffolk,Suffolk,Zillow,https://www.zillow.com/browse/homes/ny/suffolk-county/
11757,Suffolk,Suffolk,Zillow,https://www.zillow.com/browse/homes/ny/suffolk-county/
11764,Suffolk,Suffolk,Zillow,https://www.zillow.com/browse/homes/ny/suffolk-county/
11766,Suffolk,Suffolk,Zillow,https://www.zillow.com/browse/homes/ny/suffolk-county/
11769,Suffolk,Suffolk,Zillow,https://www.zillow.com/browse/homes/ny/suffolk-county/
11770,Suffolk,Suffolk,Zillow,https://www.zillow.com/browse/homes/ny/suffolk-county/
11772,Suffolk,Suffolk,Zillow,https://www.zillow.com/browse/homes/ny/suffolk-county/
11775,Suffolk,Suffolk,Zillow,https://www.zillow.com/browse/homes/ny/suffolk-county/
11776,Suffolk,Suffolk,Zillow,https://www.zillow.com/browse/homes/ny/suffolk-county/
11777,Suffolk,Suffolk,Zillow,https://www.zillow.com/browse/homes/ny/suffolk-county/
11779,Suffolk,Suffolk,Zillow,https://www.zillow.com/browse/homes/ny/suffolk-county/
11780,Suffolk,Suffolk,Zillow,https://www.zillow.com/browse/homes/ny/suffolk-county/
11782,Suffolk,Suffolk,Zillow,https://www.zillow.com/browse/homes/ny/suffolk-county/
11787,Suffolk,Suffolk,Zillow,https://www.zillow.com/browse/homes/ny/suffolk-county/
11792,Suffolk,Suffolk,Zillow,https://www.zillow.com/browse/homes/ny/suffolk-county/
11794,Suffolk,Suffolk,Zillow,https://www.zillow.com/browse/homes/ny/suffolk-county/
11795,Suffolk,Suffolk,Zillow,https://www.zillow.com/browse/homes/ny/suffolk-county/
11796,Suffolk,Suffolk,Zillow,https://www.zillow.com/browse/homes/ny/suffolk-county/
11798,Suffolk,Suffolk,Zillow,https://www.zillow.com/browse/homes/ny/suffolk-county/
11901,Suffolk,Suffolk,Zillow,https://www.zillow.com/browse/homes/ny/suffolk-county/
11934,Suffolk,Suffolk,Zillow,https://www.zillow.com/browse/homes/ny/suffolk-county/
11935,Suffolk,Suffolk,Zillow,https://www.zillow.com/browse/homes/ny/suffolk-county/
11937,Suffolk,Suffolk,Zillow,https://www.zillow.com/browse/homes/ny/suffolk-county/
11940,Suffolk,Suffolk,Zillow,https://www.zillow.com/browse/homes/ny/suffolk-county/
11941,Suffolk,Suffolk,Zillow,https://www.zillow.com/browse/homes/ny/suffolk-county/
11942,Suffolk,Suffolk,Zillow,https://www.zillow.com/browse/homes/ny/suffolk-county/
11944,Suffolk,Suffolk,Zillow,https://www.zillow.com/browse/homes/ny/suffolk-county/
11946,Suffolk,Suffolk,Zillow,https://www.zillow.com/browse/homes/ny/suffolk-county/
11947,Suffolk,Suffolk,Zillow,https://www.zillow.com/browse/homes/ny/suffolk-county/
11949,Suffolk,Suffolk,Zillow,https://www.zillow.com/browse/homes/ny/suffolk-county/
11950,Suffolk,Suffolk,Zillow,https://www.zillow.com/browse/homes/ny/suffolk-county/
11951,Suffolk,Suffolk,Zillow,https://www.zillow.com/browse/homes/ny/suffolk-county/
11952,Suffolk,Suffolk,Zillow,https://www.zillow.com/browse/homes/ny/suffolk-county/
11953,Suffolk,Suffolk,Zillow,https://www.zillow.com/browse/homes/ny/suffolk-county/
11960,Suffolk,Suffolk,Zillow,https://www.zillow.com/browse/homes/ny/suffolk-county/
11701,Suffolk,Suffolk,Zillow,https://www.zillow.com/browse/homes/ny/suffolk-county/
11702,Suffolk,Suffolk,Zillow,https://www.zillow.com/browse/homes/ny/suffolk-county/
11703,Suffolk,Suffolk,Zillow,https://www.zillow.com/browse/homes/ny/suffolk-county/
11704,Suffolk,Suffolk,Zillow,https://www.zillow.com/browse/homes/ny/suffolk-county/
11705,Suffolk,Suffolk,Zillow,https://www.zillow.com/browse/homes/ny/suffolk-county/
11971,Suffolk,Suffolk,Zillow,https://www.zillow.com/browse/homes/ny/suffolk-county/
11706,Suffolk,Suffolk,Zillow,https://www.zillow.com/browse/homes/ny/suffolk-county/
11975,Suffolk,Suffolk,Zillow,https://www.zillow.com/browse/homes/ny/suffolk-county/
11713,Suffolk,Suffolk,Zillow,https://www.zillow.com/browse/homes/ny/suffolk-county/
11980,Suffolk,Suffolk,Zillow,https://www.zillow.com/browse/homes/ny/suffolk-county/
11715,Suffolk,Suffolk,Zillow,https://www.zillow.com/browse/homes/ny/suffolk-county/
11716,Suffolk,Suffolk,Zillow,https://www.zillow.com/browse/homes/ny/suffolk-county/
11718,Suffolk,Suffolk,Zillow,https://www.zillow.com/browse/homes/ny/suffolk-county/
11719,Suffolk,Suffolk,Zillow,https://www.zillow.com/browse/homes/ny/suffolk-county/
11720,Suffolk,Suffolk,Zillow,https://www.zillow.com/browse/homes/ny/suffolk-county/
11726,Suffolk,Suffolk,Zillow,https://www.zillow.com/browse/homes/ny/suffolk-county/
10302,Richmond,Staten Island,ZipCode.org,http://zipcode.org/city/NY/STATENISLAND
10303,Richmond,Staten Island,ZipCode.org,http://zipcode.org/city/NY/STATENISLAND
10310,Richmond,Staten Island,ZipCode.org,http://zipcode.org/city/NY/STATENISLAND
10306,Richmond,Staten Island,ZipCode.org,http://zipcode.org/city/NY/STATENISLAND
10307,Richmond,Staten Island,ZipCode.org,http://zipcode.org/city/NY/STATENISLAND
10308,Richmond,Staten Island,ZipCode.org,http://zipcode.org/city/NY/STATENISLAND
10309,Richmond,Staten Island,ZipCode.org,http://zipcode.org/city/NY/STATENISLAND
10312,Richmond,Staten Island,ZipCode.org,http://zipcode.org/city/NY/STATENISLAND
10301,Richmond,Staten Island,ZipCode.org,http://zipcode.org/city/NY/STATENISLAND
10304,Richmond,Staten Island,ZipCode.org,http://zipcode.org/city/NY/STATENISLAND
10305,Richmond,Staten Island,ZipCode.org,http://zipcode.org/city/NY/STATENISLAND
10314,Richmond,Staten Island,ZipCode.org,http://zipcode.org/city/NY/STATENISLAND
10311,Richmond,Staten Island,ZipCode.org,http://zipcode.org/city/NY/STATENISLAND
10313,Richmond,Staten Island,ZipCode.org,http://zipcode.org/city/NY/STATENISLAND
10314,Richmond,Staten Island,ZipCode.org,http://zipcode.org/city/NY/STATENISLAND
